{
  "version": 3,
  "artifactType": {
    "type": "APK",
    "kind": "Directory"
  },
  "applicationId": "moe.matsuri.plugin.ciadpi",
  "variantName": "release",
  "elements": [
    {
      "type": "ONE_OF_MANY",
      "filters": [
        {
          "filterType": "ABI",
          "value": "x86_64"
        }
      ],
      "attributes": [],
      "versionCode": 4,
      "versionName": "v0.2.0",
      "outputFile": "ciadpi-plugin-v0.2.0-x86_64.apk"
    },
    {
      "type": "ONE_OF_MANY",
      "filters": [
        {
          "filterType": "ABI",
          "value": "arm64-v8a"
        }
      ],
      "attributes": [],
      "versionCode": 4,
      "versionName": "v0.2.0",
      "outputFile": "ciadpi-plugin-v0.2.0-arm64-v8a.apk"
    },
    {
      "type": "ONE_OF_MANY",
      "filters": [
        {
          "filterType": "ABI",
          "value": "armeabi-v7a"
        }
      ],
      "attributes": [],
      "versionCode": 4,
      "versionName": "v0.2.0",
      "outputFile": "ciadpi-plugin-v0.2.0-armeabi-v7a.apk"
    }
  ],
  "elementType": "File"
}